suburb,address,price,beds,baths,parking,area_sqm,property_type,sale_date,sale_method,distance_to_cbd_km,area_known,area_sqm_imputed,property_type_grouped,total_rooms,days_since_start
Liverpool,"G01/19 Bigge Street, Liverpool",560000,2,2,1.0,,Apartment,2026-09-24,private treaty,26.682979544041842,0,107.0,Apartment,4,48
Liverpool,"12/53 Bathurst Street, Liverpool",510000,2,1,1.0,,Apartment,2026-09-23,private treaty,26.682979544041842,0,107.0,Apartment,3,47
Liverpool,"1/10-12 Lewis Road, Liverpool",825000,3,2,2.0,,Townhouse,2026-09-23,private treaty,26.682979544041842,0,179.5,Townhouse,5,47
Liverpool,"18 Rose Street, Liverpool",1582000,7,3,4.0,809.0,House,2026-09-19,auction,26.682979544041842,1,809.0,House,10,43
Liverpool,"69 Orange Grove Road, Liverpool",910000,3,2,1.0,613.0,House,2026-09-17,private treaty,26.682979544041842,1,613.0,House,5,41
Liverpool,"2/28 Nagle Street, Liverpool",410000,2,1,1.0,,Apartment,2026-09-17,private treaty,26.682979544041842,0,107.0,Apartment,3,41
Liverpool,"18/26 Goulburn Street, Liverpool",399000,2,1,1.0,,Apartment,2026-09-15,private treaty,26.682979544041842,0,107.0,Apartment,3,39
Liverpool,"8/8-10 Lachlan Street, Liverpool",550000,2,2,1.0,,Apartment,2026-09-15,private treaty,26.682979544041842,0,107.0,Apartment,4,39
Liverpool,"40 Maryvale Avenue, Liverpool",1200000,3,1,1.0,701.0,House,2026-09-15,private treaty,26.682979544041842,1,701.0,House,4,39
Liverpool,"3 Secant Street, Liverpool",2000000,4,2,2.0,676.0,House,2026-09-15,private treaty,26.682979544041842,1,676.0,House,6,39
Liverpool,"22B Mary Crescent, Liverpool",1200000,5,3,2.0,302.0,Semi-detached,2026-09-12,private treaty,26.682979544041842,1,302.0,Semi-detached,8,36
Liverpool,"202/21 Atkinson Street, Liverpool",530000,2,2,1.0,,Apartment,2026-09-11,private treaty,26.682979544041842,0,107.0,Apartment,4,35
Liverpool,"501/311 Hume Highway, Liverpool",600000,2,2,1.0,,Apartment,2026-09-11,private treaty,26.682979544041842,0,107.0,Apartment,4,35
Liverpool,"41 Tully Avenue, Liverpool",1150000,6,2,2.0,,House,2026-09-11,private treaty,26.682979544041842,0,802.0,House,8,35
Liverpool,"505/17 Shepherd Street, Liverpool",570000,2,2,1.0,131.0,Apartment,2026-09-11,private treaty,26.682979544041842,1,131.0,Apartment,4,35
Liverpool,"803/2 Lachlan Street, Liverpool",650000,2,2,1.0,,Apartment,2026-09-11,private treaty,26.682979544041842,0,107.0,Apartment,4,35
Liverpool,"35/4 Riverpark Drive, Liverpool",500000,2,1,1.0,,Apartment,2026-09-08,private treaty,26.682979544041842,0,107.0,Apartment,3,32
Liverpool,"3 Edwin Place, Liverpool",1235000,4,2,5.0,613.0,House,2026-09-07,private treaty,26.682979544041842,1,613.0,House,6,31
Liverpool,"3/1 Stanton Street, Liverpool",770000,3,1,1.0,,Townhouse,2026-09-03,private treaty,26.682979544041842,0,179.5,Townhouse,4,27
Liverpool,"6/16-18 Mainsbridge Avenue, Liverpool",720000,2,2,1.0,,Townhouse,2026-08-29,private treaty,26.682979544041842,0,179.5,Townhouse,4,22
Liverpool,"35/12-20 Lachlan Street, Liverpool",730000,3,2,2.0,157.0,Apartment,2026-08-28,private treaty,26.682979544041842,1,157.0,Apartment,5,21
Liverpool,"12/119-121 Castlereagh Street, Liverpool",460000,2,1,1.0,93.0,Apartment,2026-08-27,private treaty,26.682979544041842,1,93.0,Apartment,3,20
Liverpool,"9/53 Goulburn Street, Liverpool",423000,2,1,1.0,,Apartment,2026-08-27,private treaty,26.682979544041842,0,107.0,Apartment,3,20
Liverpool,"503/311 Hume Highway, Liverpool",570000,2,2,1.0,,Apartment,2026-08-25,private treaty,26.682979544041842,0,107.0,Apartment,4,18
Liverpool,"2/30 Speed Street, Liverpool",385000,2,1,1.0,,Apartment,2026-08-24,private treaty,26.682979544041842,0,107.0,Apartment,3,17
Liverpool,"4/44-46 Passefield Street, Liverpool",875000,3,2,1.0,,Townhouse,2026-08-24,private treaty,26.682979544041842,0,179.5,Townhouse,5,17
Liverpool,"1303/30 Shepherd Street, Liverpool",539000,2,2,1.0,106.0,Apartment,2026-08-24,private treaty,26.682979544041842,1,106.0,Apartment,4,17
Liverpool,"19/32 Pirie Street, Liverpool",400000,2,1,1.0,,Apartment,2026-08-22,private treaty,26.682979544041842,0,107.0,Apartment,3,15
Liverpool,"8 Angelo Avenue, Liverpool",935000,3,1,1.0,,House,2026-08-22,auction,26.682979544041842,0,802.0,House,4,15
Liverpool,"5/10 Christie Street, Liverpool",870000,3,2,1.0,,House,2026-08-22,private treaty,26.682979544041842,0,802.0,House,5,15
Liverpool,"10/50 Castlereagh Street, Liverpool",433000,2,1,1.0,,Apartment,2026-08-21,private treaty,26.682979544041842,0,107.0,Apartment,3,14
Liverpool,"1/34 Goulburn Street, Liverpool",390000,2,1,1.0,,Apartment,2026-08-20,private treaty,26.682979544041842,0,107.0,Apartment,3,13
Liverpool,"66/387 Macquarie Street, Liverpool",570000,2,2,1.0,,Apartment,2026-08-19,private treaty,26.682979544041842,0,107.0,Apartment,4,12
Liverpool,"40/387 Macquarie Street, Liverpool",431000,1,1,1.0,,Apartment,2026-08-19,private treaty,26.682979544041842,0,107.0,Apartment,2,12
Liverpool,"401/21 Charles Street, Liverpool",550000,2,2,1.0,,Apartment,2026-08-13,private treaty,26.682979544041842,0,107.0,Apartment,4,6
Parramatta,"33/18 Thomas Street, Parramatta",605000,2,1,1.0,,Apartment,2026-09-25,private treaty,20.088278763231852,0,107.0,Apartment,3,49
Parramatta,"22/4 Peace Lane, Parramatta",500000,2,2,1.0,101.0,Apartment,2026-09-19,auction,20.088278763231852,1,101.0,Apartment,4,43
Parramatta,"4/44-50 Thomas Street, Parramatta",720000,2,1,1.0,128.0,Townhouse,2026-09-16,private treaty,20.088278763231852,1,128.0,Townhouse,3,40
Parramatta,"2315/45 Macquarie Street, Parramatta",640000,2,2,1.0,,Apartment,2026-09-16,private treaty,20.088278763231852,0,107.0,Apartment,4,40
Parramatta,"1/3 Stewart Street, Parramatta",570000,2,1,1.0,,Apartment,2026-09-16,private treaty,20.088278763231852,0,107.0,Apartment,3,40
Parramatta,"641/180 George Street, Parramatta",600000,2,1,0.0,,Apartment,2026-09-16,private treaty,20.088278763231852,0,107.0,Apartment,3,40
Parramatta,"610/36-46 Cowper Street, Parramatta",575000,2,2,1.0,,Apartment,2026-09-14,private treaty,20.088278763231852,0,107.0,Apartment,4,38
Parramatta,"2/16 Betts Street, Parramatta",660000,2,1,1.0,,Apartment,2026-09-12,private treaty,20.088278763231852,0,107.0,Apartment,3,36
Parramatta,"1404/1-3 Valentine Avenue, Parramatta",320000,1,1,0.0,,Apartment,2026-09-11,private treaty,20.088278763231852,0,107.0,Apartment,2,35
Parramatta,"820K/2 Morton Street, Parramatta",650000,2,2,1.0,,Apartment,2026-09-11,private treaty,20.088278763231852,0,107.0,Apartment,4,35
Parramatta,"15/12 Early Street, Parramatta",493000,2,1,1.0,,Apartment,2026-09-11,private treaty,20.088278763231852,0,107.0,Apartment,3,35
Parramatta,"1010 H/2 Morton Street, Parramatta",687000,2,2,1.0,,Apartment,2026-09-11,private treaty,20.088278763231852,0,107.0,Apartment,4,35
Parramatta,"1601/11 Hassall Street, Parramatta",700000,2,2,1.0,,Apartment,2026-09-11,private treaty,20.088278763231852,0,107.0,Apartment,4,35
Parramatta,"33/68 Great Western Highway, Parramatta",520000,2,1,1.0,,Apartment,2026-09-11,private treaty,20.088278763231852,0,107.0,Apartment,3,35
Parramatta,"1607/45 Macquarie Street, Parramatta",547000,1,1,1.0,,Apartment,2026-09-10,private treaty,20.088278763231852,0,107.0,Apartment,2,34
Parramatta,"505/23 Hassall Street, Parramatta",660000,2,2,1.0,,Apartment,2026-09-09,private treaty,20.088278763231852,0,107.0,Apartment,4,33
Parramatta,"89/459-463 Church Street, Parramatta",580000,2,2,1.0,,Apartment,2026-09-04,private treaty,20.088278763231852,0,107.0,Apartment,4,28
Parramatta,"8/64-66 Great Western Highway, Parramatta",425000,1,1,1.0,,Apartment,2026-09-04,private treaty,20.088278763231852,0,107.0,Apartment,2,28
Parramatta,"1702/45 Macquarie Street, Parramatta",705000,2,2,1.0,,Apartment,2026-09-04,private treaty,20.088278763231852,0,107.0,Apartment,4,28
Parramatta,"10/4 Peace Lane, Parramatta",570000,2,2,1.0,108.0,Apartment,2026-09-03,private treaty,20.088278763231852,1,108.0,Apartment,4,27
Parramatta,"505/330 Church Street, Parramatta",700000,2,2,1.0,,Apartment,2026-09-03,private treaty,20.088278763231852,0,107.0,Apartment,4,27
Parramatta,"9/178 George Street, Parramatta",490000,1,1,0.0,,Apartment,2026-09-01,private treaty,20.088278763231852,0,107.0,Apartment,2,25
Parramatta,"3/23 Good Street, Parramatta",569000,2,1,1.0,,Apartment,2026-08-31,private treaty,20.088278763231852,0,107.0,Apartment,3,24
Parramatta,"17/10-12 Thomas Street, Parramatta",650000,2,1,1.0,,Apartment,2026-08-31,private treaty,20.088278763231852,0,107.0,Apartment,3,24
Parramatta,"401/6 River Road West, Parramatta",540000,2,2,1.0,108.0,Apartment,2026-08-30,private treaty,20.088278763231852,1,108.0,Apartment,4,23
Parramatta,"1403/1-3 Valentine Avenue, Parramatta",355000,1,1,1.0,,Apartment,2026-08-28,private treaty,20.088278763231852,0,107.0,Apartment,2,21
Parramatta,"1201/45 Macquarie Street, Parramatta",566000,1,1,1.0,,Apartment,2026-08-28,private treaty,20.088278763231852,0,107.0,Apartment,2,21
Parramatta,"5/30-32 Queens Avenue, Parramatta",680000,2,1,1.0,,Apartment,2026-08-28,private treaty,20.088278763231852,0,107.0,Apartment,3,21
Parramatta,"11/32 Hassall Street, Parramatta",590000,2,2,1.0,,Apartment,2026-08-28,private treaty,20.088278763231852,0,107.0,Apartment,4,21
Parramatta,"C26/88-98 Marsden Street, Parramatta",552000,2,2,1.0,,Apartment,2026-08-27,private treaty,20.088278763231852,0,107.0,Apartment,4,20
Parramatta,"15/1 Good Street, Parramatta",480000,2,1,1.0,,Apartment,2026-08-27,private treaty,20.088278763231852,0,107.0,Apartment,3,20
Parramatta,"1417/32 Hunter Street, Parramatta",560000,1,1,1.0,,Apartment,2026-08-25,private treaty,20.088278763231852,0,107.0,Apartment,2,18
Parramatta,"907/6-10 Charles Street, Parramatta",720000,3,2,1.0,,Apartment,2026-08-25,private treaty,20.088278763231852,0,107.0,Apartment,5,18
Parramatta,"16L/15 Campbell Street, Parramatta",405000,1,1,1.0,,Apartment,2026-08-25,auction,20.088278763231852,0,107.0,Apartment,2,18
Parramatta,"D603/1 Broughton Street, Parramatta",680000,2,2,1.0,,Apartment,2026-08-25,private treaty,20.088278763231852,0,107.0,Apartment,4,18
Parramatta,"805/21 Hassall Street, Parramatta",410000,1,1,0.0,,Apartment,2026-08-24,private treaty,20.088278763231852,0,107.0,Apartment,2,17
Castle Hill,"89 Darcey Road, Castle Hill",2150000,6,3,3.0,,House,2026-09-25,private treaty,25.079326565212718,0,802.0,House,9,49
Castle Hill,"22 Orleans Way, Castle Hill",2065000,4,3,2.0,511.0,House,2026-09-25,prior to auction,25.079326565212718,1,511.0,House,7,49
Castle Hill,"14 Coolong Street, Castle Hill",2180000,4,2,2.0,695.0,House,2026-09-23,private treaty,25.079326565212718,1,695.0,House,6,47
Castle Hill,"55/73 Crane Road, Castle Hill",1350000,3,2,2.0,,Townhouse,2026-09-23,private treaty,25.079326565212718,0,179.5,Townhouse,5,47
Castle Hill,"1/240-242 Old Northern Road, Castle Hill",895000,2,2,2.0,,Apartment,2026-09-21,private treaty,25.079326565212718,0,107.0,Apartment,4,45
Castle Hill,"46/73 Crane Road, Castle Hill",1390000,3,2,2.0,245.0,Villa,2026-09-18,private treaty,25.079326565212718,1,245.0,Townhouse,5,42
Castle Hill,"11 Brunette Drive, Castle Hill",1955000,4,2,2.0,695.0,House,2026-09-17,private treaty,25.079326565212718,1,695.0,House,6,41
Castle Hill,"28 Ferguson Avenue, Castle Hill",2300000,4,3,3.0,923.0,House,2026-09-14,private treaty,25.079326565212718,1,923.0,House,7,38
Castle Hill,"25/1-11 Rosa Crescent, Castle Hill",825000,2,2,2.0,,Apartment,2026-09-11,private treaty,25.079326565212718,0,107.0,Apartment,4,35
Castle Hill,"6 Woodvale Place, Castle Hill",2900000,5,3,3.0,900.0,House,2026-09-11,private treaty,25.079326565212718,1,900.0,House,8,35
Castle Hill,"60 Womurrung Avenue, Castle Hill",5200000,5,5,6.0,1284.0,House,2026-09-11,private treaty,25.079326565212718,1,1284.0,House,10,35
Castle Hill,"Address withheld, Castle Hill",2900000,4,2,2.0,901.0,House,2026-09-10,private treaty,25.079326565212718,1,901.0,House,6,34
Castle Hill,"135 Ridgecrop Drive, Castle Hill",2315000,5,3,2.0,802.0,House,2026-09-10,private treaty,25.079326565212718,1,802.0,House,8,34
Castle Hill,"75/59a Castle Street, Castle Hill",1180000,3,2,2.0,231.0,Townhouse,2026-09-09,private treaty,25.079326565212718,1,231.0,Townhouse,5,33
Castle Hill,"22/49-55 Cecil Avenue, Castle Hill",1140000,3,2,2.0,,Apartment,2026-09-04,private treaty,25.079326565212718,0,107.0,Apartment,5,28
Castle Hill,"9/2-4 Purser Avenue, Castle Hill",935000,2,2,1.0,,Apartment,2026-09-04,private treaty,25.079326565212718,0,107.0,Apartment,4,28
Castle Hill,"307/11 Fishburn Crescent, Castle Hill",855000,2,2,1.0,,Apartment,2026-08-31,private treaty,25.079326565212718,0,107.0,Apartment,4,24
Castle Hill,"19 Galahad Crescent, Castle Hill",2560000,5,3,2.0,950.0,House,2026-08-29,auction,25.079326565212718,1,950.0,House,8,22
Castle Hill,"12 Barcote Place, Castle Hill",2450000,5,3,2.0,741.0,House,2026-08-26,private treaty,25.079326565212718,1,741.0,House,8,19
Castle Hill,"10/2-4 Purser Avenue, Castle Hill",1150000,3,2,2.0,,Apartment,2026-08-25,private treaty,25.079326565212718,0,107.0,Apartment,5,18
Castle Hill,"61 Cambewarra Avenue, Castle Hill",3550000,5,5,4.0,923.0,House,2026-08-25,private treaty,25.079326565212718,1,923.0,House,10,18
Castle Hill,"19 Clarke Place, Castle Hill",2700000,4,3,2.0,902.0,House,2026-08-24,private treaty,25.079326565212718,1,902.0,House,7,17
Castle Hill,"11 Tristan Court, Castle Hill",2325000,5,3,3.0,,House,2026-08-24,auction,25.079326565212718,0,802.0,House,8,17
Castle Hill,"66 David Road, Castle Hill",2312000,5,3,4.0,741.0,House,2026-08-22,auction,25.079326565212718,1,741.0,House,8,15
Castle Hill,"6 Bordeaux Crescent, Castle Hill",2320000,5,4,2.0,450.0,House,2026-08-21,private treaty,25.079326565212718,1,450.0,House,9,14
Castle Hill,"62 Excelsior Avenue, Castle Hill",1950000,3,1,1.0,1037.0,House,2026-08-21,prior to auction,25.079326565212718,1,1037.0,House,4,14
Castle Hill,"57 Church Street, Castle Hill",2776000,4,2,3.0,916.0,House,2026-08-20,private treaty,25.079326565212718,1,916.0,House,6,13
Castle Hill,"111 Chepstow Drive, Castle Hill",2655000,6,4,3.0,700.0,House,2026-08-19,private treaty,25.079326565212718,1,700.0,House,10,12
Castle Hill,"96 Harrington Avenue, Castle Hill",1300000,3,2,2.0,229.0,Duplex,2026-08-18,prior to auction,25.079326565212718,1,229.0,Semi-detached,5,11
Castle Hill,"405/27 Ashford Avenue, Castle Hill",632000,1,1,1.0,87.0,Apartment,2026-08-13,private treaty,25.079326565212718,1,87.0,Apartment,2,6
Castle Hill,"55B First Farm Drive, Castle Hill",1800000,4,3,2.0,403.0,Semi-detached,2026-08-11,private treaty,25.079326565212718,1,403.0,Semi-detached,7,4
Castle Hill,"2 Cumberland Avenue, Castle Hill",2305000,5,2,2.0,929.0,House,2026-08-08,auction,25.079326565212718,1,929.0,House,7,1
Castle Hill,"5 Kincraig Court, Castle Hill",2720000,6,3,4.0,905.0,House,2026-08-08,auction,25.079326565212718,1,905.0,House,9,1
Castle Hill,"15 Anthony Road, Castle Hill",2690000,3,2,1.0,776.0,House,2026-08-07,private treaty,25.079326565212718,1,776.0,House,5,0
